code,name,etf_list,etf_count,in_00981A,00981A_source_date,00981A_shares,00981A_weight,00981A_rank,00981A_top10,00981A_new,00981A_prev_shares,00981A_delta_shares,00981A_delta_pct,00981A_flow_value,00981A_buy_flow_rank,00981A_sell_flow_rank
2303,聯電,00981A,1,True,20261002,87118000,,1,True,False,87118000,0,0.0,,,
2327,國巨*,00981A,1,True,20261002,24757000,,2,True,False,24757000,0,0.0,,,
3037,欣興,00981A,1,True,20261002,20100000,,3,True,False,20100000,0,0.0,,,
2449,京元電子,00981A,1,True,20261002,12938450,,4,True,False,12938450,0,0.0,,,
2330,台積電,00981A,1,True,20261002,11464000,,5,True,False,11464000,0,0.0,,,
3711,日月光投控,00981A,1,True,20261002,10276000,,6,True,False,12526000,-2250000,-0.17962637713555804,,,
8046,南電,00981A,1,True,20261002,8937000,,7,True,False,8937000,0,0.0,,,
2308,台達電,00981A,1,True,20261002,7389000,,8,True,False,7389000,0,0.0,,,
2345,智邦,00981A,1,True,20261002,6264000,,9,True,False,6264000,0,0.0,,,
6274,台燿,00981A,1,True,20261002,6151000,,10,True,False,6151000,0,0.0,,,
3017,奇鋐,00981A,1,True,20261002,5889000,,11,False,False,5889000,0,0.0,,,
2002,中鋼,00981A,1,True,20261002,5163000,,12,False,False,5163000,0,0.0,,,
2454,聯發科,00981A,1,True,20261002,5086000,,13,False,False,5086000,0,0.0,,,
3264,欣銓,00981A,1,True,20261002,4982000,,14,False,False,4982000,0,0.0,,,
2383,台光電,00981A,1,True,20261002,4650000,,15,False,False,4650000,0,0.0,,,
6669,緯穎,00981A,1,True,20261002,4315561,,16,False,False,4662561,-347000,-0.07442261881399515,,,
6191,精成科,00981A,1,True,20261002,3921000,,17,False,False,3921000,0,0.0,,,
3665,貿聯-KY,00981A,1,True,20261002,3876848,,18,False,False,3876848,0,0.0,,,
4958,臻鼎-KY,00981A,1,True,20261002,3483000,,19,False,False,3483000,0,0.0,,,
6278,台表科,00981A,1,True,20261002,2674000,,20,False,False,2674000,0,0.0,,,
3653,健策,00981A,1,True,20261002,2502000,,21,False,False,2502000,0,0.0,,,
6223,旺矽,00981A,1,True,20261002,2499000,,22,False,False,2499000,0,0.0,,,
2368,金像電,00981A,1,True,20261002,2483000,,23,False,False,2483000,0,0.0,,,
6271,同欣電,00981A,1,True,20261002,2185000,,24,False,False,2185000,0,0.0,,,
3376,新日興,00981A,1,True,20261002,1740000,,25,False,False,1740000,0,0.0,,,
6805,富世達,00981A,1,True,20261002,1673000,,26,False,False,1673000,0,0.0,,,
8210,勤誠,00981A,1,True,20261002,949000,,27,False,False,1044000,-95000,-0.09099616858237548,,,
2313,華通,00981A,1,True,20261002,501000,,28,False,False,501000,0,0.0,,,
8996,高力,00981A,1,True,20261002,476000,,29,False,False,476000,0,0.0,,,
3443,創意,00981A,1,True,20261002,388000,,30,False,False,388000,0,0.0,,,
6510,精測,00981A,1,True,20261002,251000,,31,False,False,251000,0,0.0,,,
5274,信驊,00981A,1,True,20261002,168900,,32,False,False,168900,0,0.0,,,
6187,萬潤,00981A,1,True,20261002,121000,,33,False,False,121000,0,0.0,,,
6515,穎崴,00981A,1,True,20261002,93000,,34,False,False,93000,0,0.0,,,
2481,強茂,00981A,1,True,20261002,5000,,35,False,False,5000,0,0.0,,,
1590,亞德客-KY,00981A,1,True,20261002,1000,,40,False,False,1000,0,0.0,,,
2317,鴻海,00981A,1,True,20261002,1000,,39,False,False,1000,0,0.0,,,
2360,致茂,00981A,1,True,20261002,1000,,38,False,False,1000,0,0.0,,,
2382,廣達,00981A,1,True,20261002,1000,,41,False,False,1000,0,0.0,,,
2408,南亞科,00981A,1,True,20261002,1000,,36,False,False,1000,0,0.0,,,
2439,美律,00981A,1,True,20261002,1000,,37,False,False,1000,0,0.0,,,
2637,慧洋-KY,00981A,1,True,20261002,1000,,47,False,False,1000,0,0.0,,,
3008,大立光,00981A,1,True,20261002,1000,,42,False,False,1000,0,0.0,,,
3661,世芯-KY,00981A,1,True,20261002,1000,,46,False,False,1000,0,0.0,,,
4966,譜瑞-KY,00981A,1,True,20261002,1000,,45,False,False,1000,0,0.0,,,
4979,華星光,00981A,1,True,20261002,1000,,44,False,False,1000,0,0.0,,,
5347,世界,00981A,1,True,20261002,1000,,43,False,False,1000,0,0.0,,,
6488,環球晶,00981A,1,True,20261002,1000,,48,False,False,1000,0,0.0,,,
8150,南茂,00981A,1,True,20261002,1000,,49,False,False,1000,0,0.0,,,
8358,金居,00981A,1,True,20261002,1000,,50,False,False,1000,0,0.0,,,
