etf_code,source_date,latest_file,previous_file,code,name,shares,weight,etf_rank,is_top10,is_new,prev_shares,prev_rank,delta_shares,delta_pct
00981A,20261008,00981A_holdings_20261008.csv,00981A_holdings_20261007.csv,2303,聯電,79618000,,1,True,False,79618000,1,0,0.0
00981A,20261008,00981A_holdings_20261008.csv,00981A_holdings_20261007.csv,2327,國巨*,23519000,,2,True,False,23519000,2,0,0.0
00981A,20261008,00981A_holdings_20261008.csv,00981A_holdings_20261007.csv,3037,欣興,18721000,,3,True,False,19300000,3,-579000,-0.03
00981A,20261008,00981A_holdings_20261008.csv,00981A_holdings_20261007.csv,2330,台積電,11824000,,4,True,False,11464000,5,360000,0.0314026517794836
00981A,20261008,00981A_holdings_20261008.csv,00981A_holdings_20261007.csv,8046,南電,8937000,,5,True,False,8937000,7,0,0.0
00981A,20261008,00981A_holdings_20261008.csv,00981A_holdings_20261007.csv,2449,京元電子,8456450,,6,True,False,12938450,4,-4482000,-0.34640934578716925
00981A,20261008,00981A_holdings_20261008.csv,00981A_holdings_20261007.csv,3711,日月光投控,8348000,,7,True,False,9276000,6,-928000,-0.10004312203536007
00981A,20261008,00981A_holdings_20261008.csv,00981A_holdings_20261007.csv,2308,台達電,7389000,,8,True,False,7389000,8,0,0.0
00981A,20261008,00981A_holdings_20261008.csv,00981A_holdings_20261007.csv,6274,台燿,6467000,,9,True,False,6467000,9,0,0.0
00981A,20261008,00981A_holdings_20261008.csv,00981A_holdings_20261007.csv,2345,智邦,6264000,,10,True,False,6264000,10,0,0.0
00981A,20261008,00981A_holdings_20261008.csv,00981A_holdings_20261007.csv,3017,奇鋐,6062000,,11,False,False,6062000,11,0,0.0
00981A,20261008,00981A_holdings_20261008.csv,00981A_holdings_20261007.csv,2002,中鋼,5163000,,12,False,False,5163000,12,0,0.0
00981A,20261008,00981A_holdings_20261008.csv,00981A_holdings_20261007.csv,2454,聯發科,5086000,,13,False,False,5086000,13,0,0.0
00981A,20261008,00981A_holdings_20261008.csv,00981A_holdings_20261007.csv,2383,台光電,4650000,,14,False,False,4650000,14,0,0.0
00981A,20261008,00981A_holdings_20261008.csv,00981A_holdings_20261007.csv,6669,緯穎,4315561,,15,False,False,4315561,15,0,0.0
00981A,20261008,00981A_holdings_20261008.csv,00981A_holdings_20261007.csv,6191,精成科,3921000,,16,False,False,3921000,16,0,0.0
00981A,20261008,00981A_holdings_20261008.csv,00981A_holdings_20261007.csv,2368,金像電,3741000,,17,False,False,3420000,17,321000,0.09385964912280702
00981A,20261008,00981A_holdings_20261008.csv,00981A_holdings_20261007.csv,3665,貿聯-KY,3039848,,18,False,False,3039848,18,0,0.0
00981A,20261008,00981A_holdings_20261008.csv,00981A_holdings_20261007.csv,3653,健策,2502000,,19,False,False,2502000,19,0,0.0
00981A,20261008,00981A_holdings_20261008.csv,00981A_holdings_20261007.csv,6223,旺矽,2499000,,20,False,False,2499000,20,0,0.0
00981A,20261008,00981A_holdings_20261008.csv,00981A_holdings_20261007.csv,6271,同欣電,2185000,,21,False,False,2185000,21,0,0.0
00981A,20261008,00981A_holdings_20261008.csv,00981A_holdings_20261007.csv,3376,新日興,1740000,,22,False,False,1740000,22,0,0.0
00981A,20261008,00981A_holdings_20261008.csv,00981A_holdings_20261007.csv,6805,富世達,692000,,23,False,False,692000,23,0,0.0
00981A,20261008,00981A_holdings_20261008.csv,00981A_holdings_20261007.csv,3443,創意,684000,,24,False,False,616000,24,68000,0.11038961038961038
00981A,20261008,00981A_holdings_20261008.csv,00981A_holdings_20261007.csv,2313,華通,501000,,25,False,False,501000,25,0,0.0
00981A,20261008,00981A_holdings_20261008.csv,00981A_holdings_20261007.csv,8210,勤誠,478000,,26,False,False,478000,26,0,0.0
00981A,20261008,00981A_holdings_20261008.csv,00981A_holdings_20261007.csv,8996,高力,476000,,27,False,False,476000,27,0,0.0
00981A,20261008,00981A_holdings_20261008.csv,00981A_holdings_20261007.csv,6510,精測,251000,,28,False,False,251000,28,0,0.0
00981A,20261008,00981A_holdings_20261008.csv,00981A_holdings_20261007.csv,5274,信驊,157900,,29,False,False,157900,29,0,0.0
00981A,20261008,00981A_holdings_20261008.csv,00981A_holdings_20261007.csv,6187,萬潤,121000,,30,False,False,121000,30,0,0.0
00981A,20261008,00981A_holdings_20261008.csv,00981A_holdings_20261007.csv,6515,穎崴,93000,,31,False,False,93000,31,0,0.0
00981A,20261008,00981A_holdings_20261008.csv,00981A_holdings_20261007.csv,2481,強茂,5000,,32,False,False,5000,32,0,0.0
00981A,20261008,00981A_holdings_20261008.csv,00981A_holdings_20261007.csv,2317,鴻海,1000,,33,False,False,1000,33,0,0.0
00981A,20261008,00981A_holdings_20261008.csv,00981A_holdings_20261007.csv,1590,亞德客-KY,1000,,34,False,False,1000,34,0,0.0
00981A,20261008,00981A_holdings_20261008.csv,00981A_holdings_20261007.csv,2439,美律,1000,,35,False,False,1000,35,0,0.0
00981A,20261008,00981A_holdings_20261008.csv,00981A_holdings_20261007.csv,2408,南亞科,1000,,36,False,False,1000,36,0,0.0
00981A,20261008,00981A_holdings_20261008.csv,00981A_holdings_20261007.csv,2382,廣達,1000,,37,False,False,1000,37,0,0.0
00981A,20261008,00981A_holdings_20261008.csv,00981A_holdings_20261007.csv,2360,致茂,1000,,38,False,False,1000,38,0,0.0
00981A,20261008,00981A_holdings_20261008.csv,00981A_holdings_20261007.csv,3661,世芯-KY,1000,,39,False,False,1000,39,0,0.0
00981A,20261008,00981A_holdings_20261008.csv,00981A_holdings_20261007.csv,3008,大立光,1000,,40,False,False,1000,40,0,0.0
00981A,20261008,00981A_holdings_20261008.csv,00981A_holdings_20261007.csv,2637,慧洋-KY,1000,,41,False,False,1000,41,0,0.0
00981A,20261008,00981A_holdings_20261008.csv,00981A_holdings_20261007.csv,3264,欣銓,1000,,42,False,False,1000,42,0,0.0
00981A,20261008,00981A_holdings_20261008.csv,00981A_holdings_20261007.csv,5347,世界,1000,,43,False,False,1000,43,0,0.0
00981A,20261008,00981A_holdings_20261008.csv,00981A_holdings_20261007.csv,4979,華星光,1000,,44,False,False,1000,44,0,0.0
00981A,20261008,00981A_holdings_20261008.csv,00981A_holdings_20261007.csv,4966,譜瑞-KY,1000,,45,False,False,1000,45,0,0.0
00981A,20261008,00981A_holdings_20261008.csv,00981A_holdings_20261007.csv,4958,臻鼎-KY,1000,,46,False,False,1000,46,0,0.0
00981A,20261008,00981A_holdings_20261008.csv,00981A_holdings_20261007.csv,6488,環球晶,1000,,47,False,False,1000,47,0,0.0
00981A,20261008,00981A_holdings_20261008.csv,00981A_holdings_20261007.csv,6278,台表科,1000,,48,False,False,1000,48,0,0.0
00981A,20261008,00981A_holdings_20261008.csv,00981A_holdings_20261007.csv,8150,南茂,1000,,49,False,False,1000,49,0,0.0
00981A,20261008,00981A_holdings_20261008.csv,00981A_holdings_20261007.csv,8358,金居,1000,,50,False,False,1000,50,0,0.0
