date,stock_id,Trading_Volume,Trading_money,open,max,min,close,spread,Trading_turnover,close_adj
2025-03-25,TAIEX,4993587020,256973561881,22269.37,22414.02,22228.68,22273.19,166.55,2165309,22273.19
2025-03-26,TAIEX,4406501724,223198487361,22327.61,22398.12,22235.89,22260.29,-12.9,1865861,22260.29
2025-03-27,TAIEX,5608186918,279802802176,22093.2,22093.2,21919.4,21951.76,-308.53,2531337,21951.76
2025-03-28,TAIEX,6814236162,327112874385,21836.16,21836.16,21525.05,21602.89,-348.87,3205514,21602.89
2025-03-31,TAIEX,8683910354,437475392711,21254.63,21254.63,20695.9,20695.9,-906.99,4171787,20695.9
2025-04-01,TAIEX,5826078127,278254400622,20884.53,21315.52,20884.53,21280.17,584.27,2123628,21280.17
2025-04-02,TAIEX,4985282024,240146859369,21313.77,21390.52,21235.99,21298.22,18.05,1830718,21298.22
2025-04-07,TAIEX,5683302502,166095041450,20153.57,20153.57,19212.02,19232.35,-2065.87,2477014,19232.35
2025-04-08,TAIEX,12393863553,577950957444,19064.47,19064.47,18180.48,18459.95,-772.4,4884176,18459.95
2025-04-09,TAIEX,12614257140,590040522967,18337.44,18371.52,17306.97,17391.76,-1068.19,5520314,17391.76
2025-04-10,TAIEX,5329120133,208504485334,18256.47,19024.47,18256.47,19000.03,1608.27,1540372,19000.03
2025-04-11,TAIEX,9129660662,527108374659,18772.5,19528.77,18418.2,19528.77,528.74,3900338,19528.77
2025-04-14,TAIEX,7665646173,474947203845,19686.68,20023.63,19508.93,19513.09,-15.68,3408942,19513.09
2025-04-15,TAIEX,5242983763,305561723714,19609.9,19895.43,19576.15,19857.67,344.58,2458147,19857.67
2025-04-16,TAIEX,5216346236,296550497546,19737.09,19737.09,19453.14,19468.0,-389.67,2820807,19468.0
2025-04-17,TAIEX,4599431706,257584164735,19389.52,19478.0,19196.47,19338.73,-129.27,2136607,19338.73
2025-04-18,TAIEX,3792878040,201639077744,19423.98,19499.28,19376.35,19395.03,56.3,1654025,19395.03
2025-04-21,TAIEX,4486948824,213646250942,19321.14,19359.96,19080.6,19106.2,-288.83,2116970,19106.2
2025-04-22,TAIEX,4881720763,250003984052,18990.86,19059.65,18793.43,18793.43,-312.77,2241678,18793.43
2025-04-23,TAIEX,5314940502,275548700667,19163.61,19639.14,19163.61,19639.14,845.71,2018651,19639.14
2025-04-24,TAIEX,4358134847,248994902573,19752.59,19752.59,19433.37,19478.81,-160.33,1960251,19478.81
2025-04-25,TAIEX,4961167477,298510240543,19861.24,20012.27,19861.24,19872.73,393.92,2089173,19872.73
2025-04-28,TAIEX,3948682101,222995069262,19972.07,20073.75,19972.07,20034.41,161.68,1713127,20034.41
2025-04-29,TAIEX,4654115665,250105465896,20018.32,20232.63,20007.3,20232.63,198.22,1902200,20232.63
2025-04-30,TAIEX,5103616376,282189467291,20215.39,20331.89,20185.31,20235.03,2.4,2171666,20235.03
2025-05-02,TAIEX,5955569594,339534825350,20534.08,20787.64,20534.08,20787.64,552.61,2291137,20787.64
2025-05-05,TAIEX,7760468724,396674099865,20839.04,20885.54,20320.8,20532.99,-254.65,3025910,20532.99
2025-05-06,TAIEX,5768063988,314921423075,20353.88,20623.85,20349.56,20522.59,-10.4,2166132,20522.59
2025-05-07,TAIEX,5075266647,276452299522,20575.15,20685.28,20418.03,20546.49,23.9,1955033,20546.49
2025-05-08,TAIEX,4516660206,255842394901,20559.65,20747.28,20543.4,20543.4,-3.09,1728792,20543.4
2025-05-09,TAIEX,5297103516,303145142635,20690.8,20915.04,20643.56,20915.04,371.64,2049942,20915.04
2025-05-12,TAIEX,5246162892,286880121757,20996.95,21176.13,20996.95,21129.54,214.5,2121320,21129.54
2025-05-13,TAIEX,6807098682,414876050071,21474.02,21626.28,21330.14,21330.14,200.6,2635403,21330.14
2025-05-14,TAIEX,6994105576,435325777480,21552.42,21782.87,21552.42,21782.87,452.73,2864775,21782.87
2025-05-15,TAIEX,6398847326,352701130386,21776.65,21821.01,21674.32,21730.25,-52.62,2600363,21730.25
2025-05-16,TAIEX,6558510923,349825446057,21731.88,21854.5,21697.85,21843.69,113.44,2649276,21843.69
2025-05-19,TAIEX,6118958991,336411887107,21786.33,21786.33,21496.69,21523.83,-319.86,2719210,21523.83
2025-05-20,TAIEX,5030140371,281060270227,21631.61,21746.56,21517.1,21526.03,2.2,2075396,21526.03
2025-05-21,TAIEX,5594779740,304825349622,21603.58,21879.24,21603.58,21803.91,277.88,2162177,21803.91
2025-05-22,TAIEX,5976457767,303639249474,21733.82,21733.82,21585.31,21670.96,-132.95,2324620,21670.96
2025-05-23,TAIEX,5316070068,313775509301,21766.24,21798.88,21559.78,21652.24,-18.72,2226382,21652.24
2025-05-26,TAIEX,5330804601,303248571571,21577.64,21688.45,21536.57,21536.57,-115.67,2246842,21536.57
2025-05-27,TAIEX,5893760181,319554934321,21491.65,21558.47,21310.0,21336.54,-200.03,2430710,21336.54
2025-05-28,TAIEX,5670506053,332260752364,21539.15,21634.37,21305.73,21357.72,21.18,2236035,21357.72
2025-05-29,TAIEX,7561868814,480476847321,21531.29,21605.26,21347.3,21347.3,-10.42,2329551,21347.3
2025-06-02,TAIEX,6799184355,357964491699,21253.97,21256.1,20940.98,21002.71,-344.59,2934061,21002.71
2025-06-03,TAIEX,6212282158,356029228852,21126.7,21303.21,21110.63,21126.93,124.22,2284098,21126.93
2025-06-04,TAIEX,6939766989,416698575220,21341.44,21618.09,21341.44,21618.09,491.16,2618976,21618.09
2025-06-05,TAIEX,6479408591,370407613418,21695.93,21738.93,21626.74,21674.43,56.34,2503470,21674.43
2025-06-06,TAIEX,5283685603,306326887550,21637.77,21702.46,21606.7,21660.66,-13.77,2093692,21660.66
2025-06-09,TAIEX,5424065394,307755303958,21773.45,21866.27,21717.52,21790.29,129.63,2073874,21790.29
2025-06-10,TAIEX,6797923817,402770551130,21921.24,22294.86,21921.24,22242.14,451.85,2637127,22242.14
2025-06-11,TAIEX,6677404614,411974082607,22376.37,22470.1,22294.6,22470.1,227.96,2544038,22470.1
2025-06-12,TAIEX,5845048888,350086370163,22362.67,22390.17,22253.64,22287.82,-182.28,2174517,22287.82
2025-06-13,TAIEX,6908522212,374682954150,22215.5,22228.01,21984.36,22072.95,-214.87,2556297,22072.95
2025-06-16,TAIEX,5524506597,298283417109,22058.57,22094.6,21936.38,22049.9,-23.05,1977348,22049.9
2025-06-17,TAIEX,6125208525,374245537952,22172.59,22331.69,22118.46,22211.59,161.69,2318537,22211.59
2025-06-18,TAIEX,6399812298,394797009579,22135.83,22370.25,22104.68,22356.73,145.14,2572872,22356.73
2025-06-19,TAIEX,5689009009,337907299094,22238.1,22249.4,21973.04,22003.5,-353.23,2549579,22003.5
2025-06-20,TAIEX,6862237230,463891770965,21960.51,22089.48,21779.55,22045.74,42.24,2427976,22045.74
2025-06-23,TAIEX,5617706428,314404805401,21750.7,21801.32,21551.58,21732.02,-313.72,2230655,21732.02
2025-06-24,TAIEX,7011455635,401630916668,22001.48,22201.05,22001.48,22188.76,456.74,2352155,22188.76
2025-06-25,TAIEX,6335015793,401074986062,22341.87,22444.51,22284.52,22430.61,241.85,2303648,22430.61
2025-06-26,TAIEX,6410607751,399984776279,22425.39,22587.67,22391.27,22492.34,61.73,2320884,22492.34
2025-06-27,TAIEX,6064087692,374841846059,22503.85,22580.08,22388.59,22580.08,87.74,2202173,22580.08
2025-06-30,TAIEX,5791190538,365764595737,22508.33,22558.95,22256.02,22256.02,-324.06,2137192,22256.02
2025-07-01,TAIEX,6415082209,421991169974,22419.74,22730.76,22401.58,22553.72,297.7,2419634,22553.72
2025-07-02,TAIEX,5101662453,304435099272,22463.55,22577.74,22396.26,22577.74,24.02,1886936,22577.74
2025-07-03,TAIEX,6029111627,383825214993,22707.41,22816.2,22700.86,22712.97,135.23,2297217,22712.97
2025-07-04,TAIEX,5632671624,331133814557,22756.55,22842.75,22500.97,22547.5,-165.47,2299611,22547.5
2025-07-07,TAIEX,4962856527,269071472316,22550.14,22550.5,22294.11,22428.72,-118.78,1893701,22428.72
2025-07-08,TAIEX,5407011400,282705631857,22375.65,22375.65,22190.46,22362.27,-66.45,1893276,22362.27
2025-07-09,TAIEX,5646619850,322528415208,22253.17,22527.01,22211.1,22527.01,164.74,1950287,22527.01
2025-07-10,TAIEX,5553213493,327393549950,22566.51,22699.29,22513.35,22693.25,166.24,2052227,22693.25
2025-07-11,TAIEX,7092180625,337982404672,22602.81,22770.01,22601.95,22751.03,57.78,2082425,22751.03
2025-07-14,TAIEX,4853105700,281512623505,22679.18,22735.23,22525.66,22614.97,-136.06,1961983,22614.97
2025-07-15,TAIEX,5429807871,319870598000,22618.43,22888.23,22588.26,22835.94,220.97,2057874,22835.94
2025-07-16,TAIEX,6375009305,391295025263,22967.51,23106.43,22923.12,23042.9,206.96,2411559,23042.9
2025-07-17,TAIEX,5826064387,343559779087,23042.97,23159.54,22923.37,23113.28,70.38,2169033,23113.28
2025-07-18,TAIEX,6130525974,381297826285,23345.72,23468.21,23276.02,23383.13,269.85,2310585,23383.13
2025-07-21,TAIEX,5279612934,316345580296,23314.29,23403.83,23243.79,23340.56,-42.57,2190361,23340.56
2025-07-22,TAIEX,6889507061,449009636028,23301.66,23486.08,22985.9,22987.92,-352.64,3001519,22987.92
2025-07-23,TAIEX,6238239859,360908872117,23063.57,23318.67,23063.57,23318.67,330.75,2365878,23318.67
2025-07-24,TAIEX,6322628546,348331144582,23373.67,23455.09,23295.31,23373.73,55.06,2411078,23373.73
2025-07-25,TAIEX,5964609783,302559239716,23454.59,23485.56,23308.45,23364.38,-9.35,2167929,23364.38
2025-07-28,TAIEX,5994460798,323398574763,23477.1,23564.44,23350.73,23412.98,48.6,2298780,23412.98
2025-07-29,TAIEX,6685041420,390574563588,23414.36,23422.17,23094.67,23201.52,-211.46,2733427,23201.52
2025-07-30,TAIEX,6095108673,336226659269,23288.72,23461.72,23264.64,23461.72,260.2,2365399,23461.72
2025-07-31,TAIEX,7079439551,412096428336,23523.59,23631.11,23454.44,23542.52,80.8,2784711,23542.52
2025-08-01,TAIEX,6950284768,404788588802,23318.37,23484.21,23168.27,23434.38,-108.14,2763182,23434.38
2025-08-04,TAIEX,6547254437,339596557905,23260.18,23378.94,23151.65,23378.94,-55.44,2625345,23378.94
2025-08-05,TAIEX,6610002920,380074357026,23498.4,23671.84,23498.4,23660.59,281.65,2692247,23660.59
2025-08-06,TAIEX,6009196963,361183155977,23443.36,23557.49,23433.53,23447.36,-213.23,2656062,23447.36
2025-08-07,TAIEX,7106666762,467380441728,23717.35,24050.54,23717.35,24003.77,556.41,3040546,24003.77
2025-08-08,TAIEX,7010275195,432109965420,24026.65,24131.46,23967.99,24021.26,17.49,2993172,24021.26
2025-08-11,TAIEX,7230198655,437210225957,23980.39,24249.05,23887.25,24135.5,114.24,3128381,24135.5
2025-08-12,TAIEX,7513604403,430747663190,24182.84,24263.92,24065.43,24158.36,22.86,3084639,24158.36
2025-08-13,TAIEX,8864976375,573873489672,24232.04,24406.94,24172.19,24370.02,211.66,3774478,24370.02
2025-08-14,TAIEX,7941972349,486603622585,24258.5,24389.51,24198.88,24238.1,-131.92,3315382,24238.1
2025-08-15,TAIEX,7913302231,454217776031,24266.23,24385.56,24164.43,24334.48,96.38,3456133,24334.48
2025-08-18,TAIEX,8459665044,457868280041,24272.55,24515.65,24257.3,24482.52,148.04,3623467,24482.52
2025-08-19,TAIEX,8279842992,477889208524,24493.92,24551.42,24324.29,24353.5,-129.02,3599780,24353.5
2025-08-20,TAIEX,8611743600,572237896405,24309.27,24309.27,23620.24,23625.44,-728.06,4440609,23625.44
2025-08-21,TAIEX,6990398614,420673855060,23739.83,24011.5,23739.83,23962.13,336.69,2970148,23962.13
2025-08-22,TAIEX,6571719689,369732364563,24033.02,24071.65,23764.47,23764.47,-197.66,2924150,23764.47
2025-08-25,TAIEX,7201907890,431825644540,24108.81,24362.02,24108.75,24277.38,512.91,3018636,24277.38
2025-08-26,TAIEX,8259451660,532063118603,24237.36,24382.42,24113.03,24305.1,27.72,3221950,24305.1
2025-08-27,TAIEX,7675360712,467302614203,24449.81,24539.88,24410.08,24519.9,214.8,3273312,24519.9
2025-08-28,TAIEX,7619400963,449197099212,24468.12,24502.37,24236.45,24236.45,-283.45,3361480,24236.45
2025-08-29,TAIEX,7716714041,478348167874,24438.03,24570.15,24233.1,24233.1,-3.35,3386334,24233.1
2025-09-01,TAIEX,7882519521,522538354934,24143.37,24312.83,23885.41,24071.73,-161.37,3994537,24071.73
2025-09-02,TAIEX,6868073676,420249878093,24113.9,24295.03,23890.33,24016.78,-54.95,3133277,24016.78
2025-09-03,TAIEX,6215237843,375154827165,24036.88,24103.23,23925.49,24100.3,83.52,2825606,24100.3
2025-09-04,TAIEX,7455297262,450547881333,24235.27,24389.35,24168.16,24179.85,79.55,3277050,24179.85
2025-09-05,TAIEX,6973379276,426569974111,24244.26,24494.58,24244.26,24494.58,314.73,3089868,24494.58
2025-09-08,TAIEX,7768998687,443185374596,24610.85,24729.96,24547.38,24547.38,52.8,3241448,24547.38
2025-09-09,TAIEX,8091742979,512534389842,24650.46,24880.07,24650.46,24855.18,307.8,3429591,24855.18
2025-09-10,TAIEX,8693632992,540470187649,25032.88,25272.23,25032.88,25192.59,337.41,3674708,25192.59
2025-09-11,TAIEX,9553641157,609494103234,25509.3,25541.44,25174.13,25215.71,23.12,4224556,25215.71
2025-09-12,TAIEX,7830621434,495051339127,25349.7,25492.28,25349.7,25474.64,258.93,3399552,25474.64
2025-09-15,TAIEX,6958333955,407891369036,25494.1,25519.94,25284.17,25357.16,-117.48,3179132,25357.16
2025-09-16,TAIEX,7560459055,455107630117,25335.46,25664.81,25335.46,25629.64,272.48,3183247,25629.64
2025-09-17,TAIEX,7849906030,439687060953,25543.91,25632.07,25422.96,25438.25,-191.39,3344507,25438.25
2025-09-18,TAIEX,8339290249,467374300986,25543.17,25769.36,25475.25,25769.36,331.11,3371322,25769.36
2025-09-19,TAIEX,9787714693,619694769912,25794.66,25864.01,25578.37,25578.37,-190.99,3620290,25578.37
2025-09-22,TAIEX,7847993700,482061403631,25599.6,25887.69,25599.6,25880.6,302.23,3364352,25880.6
2025-09-23,TAIEX,8950246446,547004847440,26121.0,26307.3,26041.69,26247.37,366.77,3683215,26247.37
2025-09-24,TAIEX,7897848080,515187636594,26389.16,26394.03,26045.47,26196.73,-50.64,3460483,26196.73
2025-09-25,TAIEX,8846470892,503204151623,26067.97,26247.85,26023.85,26023.85,-172.88,3716116,26023.85
2025-09-26,TAIEX,8334201118,500052396638,25998.28,25998.28,25469.04,25580.32,-443.53,4019744,25580.32
2025-09-30,TAIEX,6699602406,455296213373,25738.31,25975.84,25738.31,25820.54,240.22,2736444,25820.54
2025-10-01,TAIEX,7679791251,468840061902,26078.29,26325.79,25982.91,25982.91,162.37,3129297,25982.91
2025-10-02,TAIEX,8085314896,506683446386,26392.31,26489.79,26330.25,26378.39,395.48,3240734,26378.39
2025-10-03,TAIEX,7784825692,480095576070,26435.1,26761.06,26410.03,26761.06,382.67,3218063,26761.06
2025-10-07,TAIEX,9348656371,575780610445,27029.28,27301.42,27017.08,27211.95,450.89,3811647,27211.95
2025-10-08,TAIEX,8261189883,471275287964,26999.82,27110.43,26883.99,27063.68,-148.27,3551145,27063.68
2025-10-09,TAIEX,9444331803,582670484489,27301.61,27463.12,27253.07,27301.92,238.24,3900659,27301.92
2025-10-13,TAIEX,10191083804,608460235868,26762.6,26965.72,26470.44,26923.42,-378.5,4675496,26923.42
2025-10-14,TAIEX,12066540173,709086353790,27282.1,27507.16,26764.06,26793.15,-130.27,5032547,26793.15
2025-10-15,TAIEX,8387861014,521429411299,26911.05,27275.71,26773.15,27275.71,482.56,3394353,27275.71
2025-10-16,TAIEX,9035460141,565481652363,27337.32,27732.78,27337.32,27647.87,372.16,3459021,27647.87
2025-10-17,TAIEX,8962849575,556452817043,27399.91,27513.09,27302.37,27302.37,-345.5,3811384,27302.37
2025-10-20,TAIEX,8045886081,498961206376,27480.44,27768.27,27412.45,27688.63,386.26,3374485,27688.63
2025-10-21,TAIEX,8507303277,528880140832,27742.55,27969.05,27742.55,27752.41,63.78,3656829,27752.41
2025-10-22,TAIEX,7835590935,463157561102,27614.11,27725.83,27490.89,27648.91,-103.5,3409615,27648.91
2025-10-23,TAIEX,7318554768,434561455546,27457.07,27586.85,27371.67,27532.26,-116.65,3223519,27532.26
2025-10-27,TAIEX,9337097751,564293629882,28029.88,28196.33,27993.63,27993.63,461.37,3731394,27993.63
2025-10-28,TAIEX,8579810711,555663566461,28041.01,28087.93,27885.62,27949.11,-44.52,3915558,27949.11
2025-10-29,TAIEX,9076231278,594219629472,28157.91,28395.31,28139.65,28294.74,345.63,3840769,28294.74
2025-10-30,TAIEX,9446378341,633558030252,28350.24,28527.68,28116.6,28287.53,-7.21,4261236,28287.53
2025-10-31,TAIEX,8339995492,576144513446,28280.47,28489.76,28233.35,28233.35,-54.18,3685497,28233.35
2025-11-03,TAIEX,8299689369,581496914983,28253.53,28494.99,28150.45,28334.59,101.24,3801445,28334.59
2025-11-04,TAIEX,8404740088,604283395876,28364.76,28554.61,28033.62,28116.56,-218.03,3961004,28116.56
2025-11-05,TAIEX,8989778518,619346788683,27785.91,27799.09,27373.05,27717.06,-399.5,4143624,27717.06
2025-11-06,TAIEX,7863001986,514272235406,27906.44,28061.53,27879.7,27899.45,182.39,3191145,27899.45
2025-11-07,TAIEX,7878592276,486727226387,27818.54,27818.54,27621.48,27651.41,-248.04,3660081,27651.41
2025-11-10,TAIEX,7491028505,504213278890,27805.47,27976.89,27680.51,27869.51,218.1,3251620,27869.51
2025-11-11,TAIEX,8924063428,584494820328,28031.54,28187.7,27784.95,27784.95,-84.56,3913468,27784.95
2025-11-12,TAIEX,8954069218,576091990790,27853.47,28071.76,27799.92,27947.09,162.14,3816761,27947.09
2025-11-13,TAIEX,10545273898,674189961874,27867.59,28038.24,27811.81,27903.56,-43.53,4546715,27903.56
2025-11-14,TAIEX,9939352945,614575227909,27816.45,27816.45,27383.34,27397.5,-506.06,4948433,27397.5
2025-11-17,TAIEX,8604107358,547722102923,27600.74,27723.77,27447.31,27447.31,49.81,3814397,27447.31
2025-11-18,TAIEX,10450443082,672757035089,27310.4,27310.4,26756.12,26756.12,-691.19,5492551,26756.12
2025-11-19,TAIEX,8069342681,516180089038,26708.28,26902.97,26580.12,26580.12,-176.0,3919396,26580.12
2025-11-20,TAIEX,8497528679,592368253864,27212.91,27493.63,27183.03,27426.36,846.24,3468629,27426.36
2025-11-21,TAIEX,8853582470,581860848616,26821.97,26821.97,26395.98,26434.94,-991.42,4474744,26434.94
2025-11-24,TAIEX,9236525911,749163116671,26596.03,26764.13,26482.33,26504.24,69.3,2934302,26504.24
2025-11-25,TAIEX,6714625759,490750703418,26995.9,27118.02,26793.71,26912.17,407.93,2858521,26912.17
2025-11-26,TAIEX,7902773415,523531629362,27063.17,27409.54,27063.17,27409.54,497.37,3189083,27409.54
2025-11-27,TAIEX,7539156843,506517208172,27517.24,27659.06,27436.59,27554.53,144.99,2947049,27554.53
2025-11-28,TAIEX,7671742311,489885964092,27566.12,27796.9,27566.12,27626.48,71.95,2985445,27626.48
2025-12-01,TAIEX,7418235597,493440574126,27674.16,27697.06,27342.53,27342.53,-283.95,3283316,27342.53
2025-12-02,TAIEX,7321099919,486538825279,27550.35,27741.89,27477.1,27564.27,221.74,3003839,27564.27
2025-12-03,TAIEX,6838633055,457284590648,27605.63,27847.67,27605.63,27793.04,228.77,2825733,27793.04
2025-12-04,TAIEX,6475222009,397985953488,27773.42,27880.23,27636.63,27795.71,2.67,2684178,27795.71
2025-12-05,TAIEX,6781520261,457238821346,27796.43,27980.89,27738.5,27980.89,185.18,2968196,27980.89
2025-12-08,TAIEX,7603908443,438297179091,28034.0,28303.78,28026.39,28303.78,322.89,3111236,28303.78
2025-12-09,TAIEX,8116345692,524525111897,28364.04,28390.24,28157.27,28182.6,-121.18,3654191,28182.6
2025-12-10,TAIEX,8239950462,509141432257,28190.76,28417.09,28190.76,28400.73,218.13,3681759,28400.73
2025-12-11,TAIEX,8087246896,537128803314,28385.23,28568.02,27984.19,28024.75,-375.98,3741874,28024.75
2025-12-12,TAIEX,8508400161,488652979581,28097.54,28272.06,28071.34,28198.02,173.27,3461174,28198.02
2025-12-15,TAIEX,7855274707,451740486315,28119.79,28119.79,27684.87,27866.94,-331.08,3557639,27866.94
2025-12-16,TAIEX,9586999810,547186167710,27721.1,27740.66,27355.67,27536.66,-330.28,4338142,27536.66
2025-12-17,TAIEX,9020647323,524829243071,27596.18,27780.69,27469.6,27525.17,-11.49,3677384,27525.17
2025-12-18,TAIEX,8450315748,460035955277,27447.45,27569.44,27350.77,27468.53,-56.64,3339942,27468.53
2025-12-19,TAIEX,9145168124,568327509178,27685.74,27869.78,27672.05,27696.35,227.82,2974397,27696.35
2025-12-22,TAIEX,8984157012,504472490831,27986.66,28168.75,27986.66,28149.64,453.29,3141900,28149.64
2025-12-23,TAIEX,7965662925,431994260374,28253.14,28350.37,28212.84,28310.47,160.83,3146495,28310.47
2025-12-24,TAIEX,7899870510,439061668896,28383.61,28486.38,28280.59,28371.98,61.51,3162529,28371.98
2025-12-26,TAIEX,8084220373,443994479984,28443.48,28590.91,28404.34,28556.02,184.04,3225756,28556.02
2025-12-29,TAIEX,8569606301,469061962836,28662.79,28841.64,28595.35,28810.89,254.87,3414921,28810.89
2025-12-30,TAIEX,8876360103,469871782250,28723.82,28833.03,28553.64,28707.13,-103.76,3499456,28707.13
2025-12-31,TAIEX,9768832777,548425314258,28723.49,29009.81,28687.9,28963.6,256.47,3825873,28963.6
2026-01-02,TAIEX,10724729528,669781989470,29016.68,29363.43,29007.75,29349.81,386.21,4355720,29349.81
2026-01-05,TAIEX,12257092861,800793653955,29779.7,30339.32,29779.7,30105.04,755.23,4932097,30105.04
2026-01-06,TAIEX,12040596292,763236739665,29933.65,30576.3,29933.65,30576.3,471.26,4665223,30576.3
2026-01-07,TAIEX,14251362877,881736707216,30412.32,30570.26,30306.16,30435.47,-140.83,5538374,30435.47
2026-01-08,TAIEX,13237635957,759270755036,30330.58,30593.49,30268.36,30360.55,-74.92,5393393,30360.55
2026-01-09,TAIEX,11350115100,704371387415,30370.45,30500.42,29925.49,30288.96,-71.59,4635607,30288.96
2026-01-12,TAIEX,10706885024,626408176303,30472.7,30681.99,30472.7,30567.29,278.33,4266286,30567.29
2026-01-13,TAIEX,12095287473,749179436618,30630.86,30973.85,30529.33,30707.22,139.93,4914905,30707.22
2026-01-14,TAIEX,11337766253,681983353722,30742.53,30994.81,30742.53,30941.78,234.56,4681743,30941.78
2026-01-15,TAIEX,11502671786,671953720007,30746.98,30877.31,30663.87,30810.58,-131.2,4839771,30810.58
2026-01-16,TAIEX,12754630286,851452408675,30844.63,31475.22,30844.63,31408.7,598.12,5392485,31408.7
2026-01-19,TAIEX,13668186807,823428003269,31336.77,31827.39,31285.53,31639.29,230.59,5907091,31639.29
2026-01-20,TAIEX,13170800649,799639371793,31584.34,31759.99,31340.1,31759.99,120.7,5725587,31759.99
2026-01-21,TAIEX,14446040108,899309076186,31749.14,31749.14,31200.76,31246.37,-513.62,6525387,31246.37
2026-01-22,TAIEX,13104288592,814595841360,31371.13,31890.62,31371.13,31746.08,499.71,5428888,31746.08
2026-01-23,TAIEX,12103342453,818428930073,31788.77,32042.44,31693.15,31961.51,215.43,5258313,31961.51
2026-01-26,TAIEX,11574650763,747339306040,32002.56,32196.75,31989.86,32064.52,103.01,5008256,32064.52
2026-01-27,TAIEX,12767369519,817604546187,32095.08,32428.17,32095.08,32317.92,253.4,5390959,32317.92
2026-01-28,TAIEX,12947973323,853922428449,32381.76,32803.82,32381.76,32803.82,485.9,5477586,32803.82
2026-01-29,TAIEX,13552952931,959652045839,32828.02,32996.03,32472.45,32536.27,-267.55,5986744,32536.27
2026-01-30,TAIEX,13417799586,941320964545,32555.52,32555.52,32004.96,32063.75,-472.52,6267791,32063.75
2026-02-02,TAIEX,11735154321,771419543919,32008.46,32008.46,31359.95,31624.03,-439.72,5758292,31624.03
2026-02-03,TAIEX,11518844202,821574120123,31737.66,32293.83,31737.66,32195.36,571.33,4708431,32195.36
2026-02-04,TAIEX,10160254873,704644032693,32196.57,32380.0,31942.28,32289.81,94.45,4072781,32289.81
2026-02-05,TAIEX,11186277150,715168705076,32241.64,32241.64,31769.08,31801.27,-488.54,4940125,31801.27
2026-02-06,TAIEX,10552234186,700313173141,31746.44,31842.62,31164.28,31782.92,-18.35,4521784,31782.92
2026-02-09,TAIEX,9406563866,653957736705,31956.21,32666.05,31956.21,32404.62,621.7,3954439,32404.62
2026-02-10,TAIEX,8544963373,678490714672,32439.71,33072.97,32439.71,33072.97,668.35,3900357,33072.97
2026-02-11,TAIEX,9640426235,699292298413,33086.15,33707.83,33071.67,33605.71,532.74,4234328,33605.71
2026-02-23,TAIEX,13167078051,949992767170,33663.02,34212.38,33663.02,33773.26,167.55,5530950,33773.26
2026-02-24,TAIEX,13165035947,861808912768,34020.71,34786.42,33987.51,34700.82,927.56,5229964,34700.82
2026-02-25,TAIEX,15806158578,1020570870136,34753.31,35521.54,34753.31,35413.07,712.25,6229085,35413.07
2026-02-26,TAIEX,15667310561,1207836722507,35457.76,35579.34,35171.52,35414.49,1.42,6143155,35414.49
2026-03-02,TAIEX,14965963786,1014040137978,35277.48,35345.72,34605.36,35095.09,-319.4,6762693,35095.09
2026-03-03,TAIEX,16527604581,1113233319063,35106.22,35264.59,34323.65,34323.65,-771.44,8200698,34323.65
2026-03-04,TAIEX,17027132902,1099338575770,34228.75,34228.75,32828.88,32828.88,-1494.77,8552766,32828.88
2026-03-05,TAIEX,11784121914,793545602327,33620.74,34319.68,33472.91,33672.94,844.06,4641310,33672.94
2026-03-06,TAIEX,10206581156,655472934511,33483.94,33829.49,33322.52,33599.54,-73.4,4204269,33599.54
2026-03-09,TAIEX,14457276951,868304737884,32354.61,32354.61,31529.36,32110.42,-1489.12,7216495,32110.42
2026-03-10,TAIEX,11467681132,728225719000,32692.37,33256.69,32455.2,32771.87,661.45,4636839,32771.87
2026-03-11,TAIEX,10994809421,693435834178,33128.49,34218.66,33128.49,34114.19,1342.32,4225662,34114.19
2026-03-12,TAIEX,12188897294,784007384475,33816.15,34019.48,33458.64,33581.86,-532.33,5309095,33581.86
2026-03-13,TAIEX,11310370787,752682671944,33215.78,33639.18,33013.46,33400.32,-181.54,4964034,33400.32
2026-03-16,TAIEX,11002126725,755420348265,33541.25,33765.81,33278.06,33342.51,-57.81,4870475,33342.51
2026-03-17,TAIEX,11052069276,846176534881,33380.84,34008.7,33380.84,33836.57,494.06,4935819,33836.57
2026-03-18,TAIEX,11967644458,924101194833,33929.28,34423.66,33929.28,34348.58,512.01,5415344,34348.58
2026-03-19,TAIEX,11805573077,893918756213,34279.12,34279.12,33663.78,33689.68,-658.9,6193739,33689.68
2026-03-20,TAIEX,12643136708,1004234872968,33719.85,33989.18,33379.24,33543.88,-145.8,5495812,33543.88
2026-03-23,TAIEX,11584224639,712578117331,33334.0,33334.0,32461.09,32722.5,-821.38,6013649,32722.5
2026-03-24,TAIEX,9933946735,690091065536,33062.89,33361.46,32434.54,32612.24,-110.26,4453093,32612.24
2026-03-25,TAIEX,8730340717,652340765184,32725.27,33705.75,32725.27,33439.11,826.87,3923172,33439.11
2026-03-26,TAIEX,9461269146,766599119592,33575.6,33892.56,33337.62,33337.62,-101.49,4497644,33337.62
2026-03-27,TAIEX,9442000840,658273529008,33267.25,33267.25,32669.39,33112.59,-225.03,4418506,33112.59
2026-03-30,TAIEX,9871214148,678152191949,33009.68,33009.68,32326.37,32518.16,-594.43,4883052,32518.16
2026-03-31,TAIEX,12232062739,882453969577,32419.0,32453.38,31705.99,31722.99,-795.17,6087905,31722.99
2026-04-01,TAIEX,9341757628,652608970719,31892.33,33182.22,31892.33,33174.82,1451.83,3610783,33174.82
2026-04-02,TAIEX,10200475573,702608705100,33218.02,33497.58,32516.94,32572.43,-602.39,4542142,32572.43
2026-04-07,TAIEX,8303716897,584692254383,32671.52,33264.22,32671.52,33229.82,657.39,3658892,33229.82
2026-04-08,TAIEX,12873431242,894100450046,33379.5,34761.38,33379.5,34761.38,1531.56,4818400,34761.38
2026-04-09,TAIEX,11946350818,872275954561,34779.96,34884.45,34617.34,34861.16,99.78,4973996,34861.16
2026-04-10,TAIEX,12583637569,871808149506,34950.87,35417.83,34950.87,35417.83,556.67,5134614,35417.83
2026-04-13,TAIEX,10803404429,805701457540,35422.91,35552.49,35261.73,35457.29,39.46,4826602,35457.29
2026-04-14,TAIEX,13673749935,1017277556839,35584.09,36341.44,35584.09,36296.12,838.83,5763701,36296.12
2026-04-15,TAIEX,13942183786,1025905609552,36369.11,37064.16,36369.11,36722.14,426.02,5876990,36722.14
2026-04-16,TAIEX,13029813066,927314900440,36759.53,37135.55,36751.09,37132.02,409.88,5339093,37132.02
2026-04-17,TAIEX,13629149036,985525733386,37145.66,37145.66,36776.28,36804.34,-327.68,5846037,36804.34
2026-04-20,TAIEX,13563808775,960963966853,36850.24,37344.5,36850.24,36958.8,154.46,5668981,36958.8
2026-04-21,TAIEX,13267924991,1021704705351,37051.25,37781.83,37051.25,37605.11,646.31,5502059,37605.11
2026-04-22,TAIEX,13042520832,979876044142,37627.2,38096.88,37623.38,37878.47,273.36,5580550,37878.47
2026-04-23,TAIEX,18953441032,1460103003620,37971.69,38921.95,37164.44,37714.15,-164.32,8290664,37714.15
2026-04-24,TAIEX,12886151833,1081153827550,37862.65,38989.94,37862.65,38932.4,1218.25,5531300,38932.4
2026-04-27,TAIEX,14212315987,1248027623513,39858.19,40194.92,39607.74,39616.63,684.23,6067624,39616.63
2026-04-28,TAIEX,10641033425,1057488155712,39531.93,40101.23,39521.73,39521.73,-94.9,5188775,39521.73
2026-04-29,TAIEX,10197192638,915272695535,39176.24,39548.18,38896.3,39303.5,-218.23,4871239,39303.5
2026-04-30,TAIEX,11446952929,1074901891496,39571.46,39848.22,38926.63,38926.63,-376.87,5412960,38926.63
2026-05-04,TAIEX,12395796663,1051315643566,39228.39,40755.52,39228.39,40705.14,1778.51,5275383,40705.14
2026-05-05,TAIEX,12853494887,1049334722789,40708.4,40885.05,40522.78,40769.29,64.15,5728961,40769.29
2026-05-06,TAIEX,16678201403,1524012557672,40983.04,41575.84,40616.28,41138.85,369.56,7380148,41138.85
2026-05-07,TAIEX,15231110299,1246902674041,41259.96,42156.06,41259.96,41933.78,794.93,6327519,41933.78
2026-05-08,TAIEX,15497124214,1305390328230,41886.03,42038.6,41132.25,41603.94,-329.84,7375237,41603.94
2026-05-11,TAIEX,13141091504,1170487539244,41714.0,42021.78,41529.25,41790.06,186.12,6059186,41790.06
2026-05-12,TAIEX,19487297206,1446228503722,41880.66,42253.42,41471.57,41898.32,108.26,7362653,41898.32
2026-05-13,TAIEX,18632210693,1265792083975,41795.92,41795.92,41014.53,41374.5,-523.82,7535107,41374.5
2026-05-14,TAIEX,14422244219,1275384785248,41496.23,42205.62,41496.23,41751.75,377.25,6367418,41751.75
2026-05-15,TAIEX,17355987461,1374865492241,41830.42,42408.66,41016.73,41172.36,-579.39,7885731,41172.36
2026-05-18,TAIEX,13753749982,1042046645948,41095.82,41095.82,40170.17,40891.82,-280.54,6137510,40891.82
2026-05-19,TAIEX,13603142233,1151219413754,40883.42,40951.56,40168.51,40175.56,-716.26,6739920,40175.56
2026-05-20,TAIEX,11825319302,1027552700623,40204.16,40439.04,39967.08,40020.82,-154.74,5788770,40020.82
2026-05-21,TAIEX,12662318814,1047623792398,40263.18,41606.91,40263.18,41368.21,1347.39,5214557,41368.21
2026-05-22,TAIEX,14518650616,1236888820897,41447.92,42357.6,41447.92,42267.97,899.76,6155116,42267.97
2026-05-25,TAIEX,16726165336,1352710348031,42667.87,43645.78,42667.87,43644.4,1376.43,7130822,43644.4
2026-05-26,TAIEX,17964690191,1549710749032,43708.89,44097.63,43349.77,43525.37,-119.03,7929015,43525.37
2026-05-27,TAIEX,18565348678,1630077580758,43842.26,44818.25,43842.26,44256.8,731.43,8087572,44256.8
2026-05-28,TAIEX,19686100251,1670718874089,44240.8,44954.09,43236.36,43636.44,-620.36,9346566,43636.44
2026-05-29,TAIEX,19561019045,1916952445914,43815.48,44933.95,43815.48,44732.94,1096.5,7026119,44732.94
